节点编号,x坐标,y坐标,z坐标,伸缩量
A0,5.326183323812261e-05,3.983769325112018e-05,-300.4068002560166,-0.006800255073037194
B1,6.105343616434065,8.403981500886204,-300.13125655644274,0.08902479793157451
C1,9.880384593341018,-3.210667079656884,-300.1640691174843,0.05617714690543929
D1,0.0005203656720095,-10.392843888812765,-300.2816184120959,-0.06144544604417121
E1,-9.885296165522544,-3.211462895967103,-300.3210226345327,-0.1008524681837621
A1,-6.107760991671386,8.406899274270742,-300.2173257273319,0.0028761636974744603
A3,-0.0006371721357303,16.811643262789616,-299.8278383205305,0.10125905762349191
B2,12.200099898880527,16.79313042694305,-299.5043106702636,0.17731186824083453
B3,15.985466859814164,5.193821803674114,-299.7850544411988,0.14414032323434242
C2,19.74438985902466,-6.415798494433832,-299.5569568334349,0.12449907464567402
C3,9.884475265374826,-13.6044783315587,-299.91641069625484,0.012510604358085849
D2,0.0009025204982574,-20.77669402336677,-299.7820488789434,-0.10117000802290199
D3,-9.888965519260344,-13.611397756318778,-300.08568550806666,-0.15695934610378878
E2,-19.764752930254748,-6.420847848957393,-299.86717907234146,-0.18642768940238583
E3,-15.99816571543649,5.1990732654788685,-300.01261992020875,-0.0838353693494442
A2,-12.207404362989449,16.80218692968138,-299.6527880161219,0.028386129067549025
A5,-6.105993035242339,25.224493957571138,-299.15047342833145,0.12596265196910458
A6,6.103033814281707,25.218934986941058,-299.0868526491698,0.18987277263802885
B4,18.27803851106245,25.158135359410032,-298.53609220299376,0.24870108780000127
B5,22.09534762444824,13.596081397307296,-299.0557715984234,0.2210920443187658
B6,25.869049973592933,1.987959436196806,-299.07614151060045,0.2006321526562874
C4,29.580520423107075,-9.611376445860316,-298.59303934909826,0.1914155603255977
C5,19.76753744114393,-16.8201054907077,-299.1845082245682,0.09177575208946166
C6,9.89234115152876,-24.007358065854685,-299.2932997535489,-0.01746757809442276
D4,0.001126457084428,-31.13659487816366,-298.905581418659,-0.12292801564463705
D5,-9.896473477691783,-24.02107735116486,-299.4703806647332,-0.1951177483501881
D6,-19.788788300602587,-16.837499632901476,-299.5166567408823,-0.2415020709481001
E4,-29.625070646035628,-9.62373773669108,-299.0394843361326,-0.25741168748448773
E5,-25.90084746895252,1.99228348608484,-299.4365291252288,-0.1611756974357379
E6,-22.116278768788487,13.609634929169347,-299.32471833129625,-0.04900381653677099
A4,-18.29049138351611,25.17378489375552,-298.7163451068004,0.0673476939139131
A8,-12.18334472809292,33.590874505723164,-298.1059832731473,0.16026412871143692
A9,-0.0009029016442634,33.613138951663586,-298.3015554667925,0.21071255175816025
A10,12.17773870259794,33.57996303000351,-298.0082544948562,0.2587469065245688
B7,24.3338589656657,33.49363452609453,-297.2373207691746,0.2935067055116502
B8,28.170780399963665,21.95795976062121,-297.9898940343935,0.2772266463505163
B9,31.96172789514818,10.385230501793346,-298.25119492627715,0.261406815458757
B10,35.699844954050874,-1.2055807449599454,-298.01575366709426,0.25119475189451423
C7,39.37843741493653,-12.795782598701749,-297.2811128299982,0.24934593622442353
C8,29.59837949880093,-20.015051838438485,-298.0974418434602,0.1688742495820018
C9,19.76608318492258,-27.20669623219185,-298.44058202876715,0.07069748657698928
C10,9.895133554844511,-34.35856031943777,-298.29604712577986,-0.031277546142497156
D7,0.0011495566067915,-41.45735570439603,-297.6518306391303,-0.1251397090422853
D8,-9.899081161878652,-34.37918430800492,-298.4761077716772,-0.21254646239645023
D9,-19.787776055697453,-27.23739538975222,-298.7850397021164,-0.27580210514099873
D10,-29.645484389107267,-20.045421541290697,-298.5719002992705,-0.3088803764678376
E7,-39.452429668818446,-12.817501213767365,-297.8339831144296,-0.30887239188153165
E8,-35.75701217950683,-1.2052469622597612,-298.4867345694842,-0.22323697648532617
E9,-32.00283487710958,10.40004830965306,-298.6266721257238,-0.11659946770613869
E10,-28.19772835309425,21.97893498580352,-298.2642159008636,0.0007900076478965362
A7,-24.3492334170864,33.51302307514728,-297.4127448629665,0.11634928553006849
A12,-18.28303812493237,42.02443567810004,-296.6802630780046,0.20105869435607507
A13,-6.104126430495917,42.07433578680335,-297.1362930829261,0.2376791750856001
A14,6.101879906850662,42.069614834880646,-297.1009266686264,0.27339606026606134
A15,18.276083234823076,42.0117194782578,-296.58405010429,0.298347578993663
B11,30.362962576596058,41.79129193485005,-295.6196465327952,0.3010930272131915
B12,34.306750067372086,30.36417456952532,-296.5795183980423,0.3028764532355148
B13,38.12177155374504,18.80295772020348,-297.0766586395218,0.29784459780152645
B14,41.89372418253008,7.195590179787824,-297.082669038882,0.29180186796004376
B15,45.60357125844877,-4.400110143064362,-296.59367449403743,0.2886526413236159
C11,49.12882498044929,-15.962820158567624,-295.63121133723047,0.2895603643081184
C12,39.48637320610716,-23.24994540844466,-296.6453486012359,0.23640617802654162
C13,29.675713248791205,-30.46026148427077,-297.21670835114105,0.15638842796404356
C14,19.80445828945295,-37.6489597986164,-297.30793415708547,0.06415319004973812
C15,9.918662460401366,-44.77909302203488,-296.9057198105158,-0.027252680736758957
D11,0.0009657742053585,-51.72676480392291,-296.0220644144062,-0.10741553533918241
D12,-9.92269257161962,-44.80631537308297,-297.0843420079715,-0.20797098720969193
D13,-19.826376975081608,-37.69304519665355,-297.65587557213775,-0.28725136256222583
D14,-29.724380595226727,-30.50978430945889,-297.7061523374731,-0.3379552894097091
D15,-39.56492728942367,-23.29439324171212,-297.23012183106874,-0.35528954034606297
E11,-49.23245093973133,-15.994338967857304,-296.248975145078,-0.3376227372352434
E12,-45.68857516873241,-4.406036358907392,-297.14161185187845,-0.26586512428175957
E13,-41.95861579658268,7.208503790234725,-297.5385787767468,-0.16887978489348895
E14,-38.16715268105696,18.82600930228265,-297.42643638838666,-0.05561597659352869
E15,-34.33464549597739,30.388148078469563,-296.8175352290079,0.062035080181633895
A11,-30.37633159164288,41.80793124103212,-295.74877604150385,0.17022192982393733
A17,-24.300982536004764,50.30802647498511,-294.9128395470831,0.2416974383421436
A18,-12.198665250232432,50.48304355142616,-295.60662417097404,0.2656778968506049
A19,-0.0005146396359798,50.52150787532004,-295.828320180871,0.2887517741777641
A20,12.196405987947122,50.47784918979283,-295.5702901523202,0.30242868986167887
A21,24.2964550649533,50.30068995124893,-294.858251707362,0.29692697094987264
B16,36.36120672520877,50.04660671600083,-293.69483329140365,0.2610387053692021
B17,40.33253941180183,38.65271851493509,-294.8681011944546,0.2868178403135749
B18,44.23941373164621,27.19923266924578,-295.57399072525664,0.2985234624272617
B19,48.04716841704785,15.612321891059656,-295.8144891647985,0.30260714297123437
B20,51.776118309462,3.9989313255510064,-295.569461144046,0.3032252747748178
B21,55.34486470092539,-7.562392097932832,-294.8521941353594,0.30322552399189867
C16,58.823567806073726,-19.11269160820891,-293.65392239336074,0.3031874040354909
C17,49.22258349179922,-26.414130765302524,-294.8711154932458,0.28412415934607854
C18,39.5454328965195,-33.67626870802691,-295.6416757992539,0.2300940922625672
C19,29.70805153200435,-40.89086211478117,-295.96026609756115,0.15488358540015765
C20,19.817474017578142,-48.04238431996514,-295.79724083853085,0.07200645138647113
C21,9.91976875449208,-55.03017823222433,-295.15632413151235,-0.0063400602482753905
D16,0.0006121530107284,-61.92799653366643,-294.0203267323604,-0.07132040909631053
D17,-9.92407320469728,-55.06289648814716,-295.32844505259754,-0.1815879462197075
D18,-19.83926319515675,-48.09859394099592,-296.13868069489104,-0.27471138935064177
D19,-29.756985775341494,-40.95886922842833,-296.4499102706088,-0.3418766044899635
D20,-39.626095513718695,-33.74400560852784,-296.23952060001966,-0.37695853383162
D21,-49.33206866429104,-26.47122004731716,-295.5202472639576,-0.376645166875461
E16,-58.950682582941056,-19.152354082417222,-294.2847327726569,-0.34152204866026015
E17,-55.45394729118794,-7.575360983805537,-295.43075353631394,-0.28566568740907844
E18,-51.86342754268394,4.00736290273643,-296.06697805484663,-0.2019618259985129
E19,-48.11107512556807,15.633990126666534,-296.2088625953063,-0.09749656002495044
E20,-44.28052419769036,27.224305134517813,-295.85146636208367,0.016901309635799062
E21,-40.35322950640657,38.6713581675183,-295.0242820204858,0.12818590658166862
A16,-36.364923200643815,50.05025088031814,-293.7324249192804,0.22319680716191065
A23,-30.288715519548525,58.5587348172375,-292.7922781129209,0.27700380635856336
A24,-18.20027529747357,58.77537072045692,-293.73558200255934,0.28943519410831064
A25,-6.1023302173062,58.883577359825495,-294.2029054051133,0.30029090981635753
A26,6.102117630670116,58.88374833783592,-294.2005512073671,0.3025693836789808
A27,18.2006586692983,58.77752143591286,-293.7371905975703,0.2874159921831567
A28,30.292898119612587,58.56767294107421,-292.8233942586916,0.24448188273145402
B22,42.32508062401679,58.25588936570805,-291.4747543175446,0.16250391999147995
B23,46.34421757073039,46.91310688596203,-292.8483543795355,0.21884561510710682
B24,50.28288084159203,35.47801772066625,-293.7700462212906,0.2536866992115799
B25,54.12237257181415,24.00283434781213,-294.22886315953366,0.27343564904416506
B26,57.89190324846998,12.394763588513898,-294.2189229773145,0.2836312536612075
B27,61.52502485226898,0.8545173764075306,-293.73719469103105,0.28741201512903014
B28,65.05203326848537,-10.709533781383897,-292.7827208609869,0.2863602771933451
C22,68.45555647276045,-22.242052192624392,-291.3605975203758,0.2803163445254423
C23,58.91904270392408,-29.569145772882138,-292.7666054823261,0.3031262103617659
C24,49.271905889853066,-36.85436847673888,-293.74267000488487,0.28221694214311294
C25,39.55532949661271,-44.06090739282927,-294.2703543384115,0.2316194787543221
C26,29.686559699597527,-51.24767646908151,-294.335960953278,0.1646500163674185
C27,19.835847191341177,-58.28549768211917,-293.92671402138154,0.09408915133553909
C28,9.924355277241034,-65.23141390069148,-293.0332818091906,0.029780872151148222
D22,0.0001561612947057,-72.04881222651784,-291.65202252280733,-0.01962142090498077
D23,-9.929070001684014,-65.26815024064156,-293.1944609658482,-0.13559497426965292
D24,-19.857203371405696,-58.35144914160461,-294.2525580964654,-0.23904393451367184
D25,-29.73443369985673,-51.3316743730735,-294.8110269139586,-0.32015178599267974
D26,-39.63561344507965,-44.15028242790512,-294.86224396263805,-0.37233930999096365
D27,-49.38341757097394,-36.93688410564951,-294.40034242968727,-0.3899257380889411
D28,-59.05264416491107,-29.6350474622124,-293.4254366130867,-0.37233586857910284
E22,-68.59278151893594,-22.28569130957576,-291.94393026253937,-0.3205256683183948
E23,-65.1750733197425,-10.72843491083491,-293.33680230645496,-0.2815309767878141
E24,-61.627156319804186,0.8572510070670714,-294.2269640759758,-0.2128979677785178
E25,-57.96918281938268,12.41211683176616,-294.6160791831299,-0.12134440710842241
E26,-54.17315763507965,24.025317197424968,-294.51158808575724,-0.014689957466168337
E27,-50.30819907054959,35.49497323980827,-293.92645293623065,0.09435597571229822
E28,-46.34671100957295,46.91425867302545,-292.87373821942845,0.1935155430431741
A22,-42.30891767839204,58.23260065899318,-291.3728202427834,0.26825942185063567
A30,-36.220954726105006,66.72681925163727,-290.3377537285658,0.2994147463713924
A31,-24.17980881747044,66.99912435912212,-291.5218509681405,0.30256286215087597
A32,-12.099652868219016,67.16336246938042,-292.2346940971118,0.30271328915914736
A33,0.0003336334381011,67.22079563845054,-292.4808127685068,0.2941056753050292
A34,12.1018285632179,67.17210102911233,-292.2674737924692,0.2687497345608706
A35,24.18773580058364,67.02001420080983,-291.60378072029766,0.217673007643926
A36,36.24245182143425,66.76643807067418,-290.5009671194491,0.13010845115027586
B29,48.25174726783027,66.41319247315865,-288.97186716137304,-0.005754978963988556
B30,52.30587303162244,55.10774479797112,-290.541661661601,0.08814713696024996
B31,56.27746396023283,43.72397296686835,-291.6671140589851,0.15247012397475188
B32,60.16000343649134,32.27521801942361,-292.3398737248779,0.1942397878311581
B33,63.9470968139464,20.778719377801973,-292.55318621027976,0.21954232522293926
B34,67.63222973322475,9.250563304323936,-292.3028548551352,0.23230025859712386
B35,71.20954132660293,-2.2916552481521757,-291.5869141382084,0.23506714774333307
B36,74.67338695754191,-13.831087248969142,-290.4059136662701,0.228347782154992
C29,78.0186908268033,-25.348963638786778,-288.7629404581722,0.21086747421460197
C30,68.52906254459968,-32.69404474108425,-290.3527165254865,0.28355398953850536
C31,58.94249056152665,-39.99059943386419,-291.5212265217813,0.3031699649343435
C32,49.26813140840117,-47.22618860703505,-292.2529477660609,0.2842004508890118
C33,39.51610699054981,-54.39112423422755,-292.5332776500905,0.24068987079494797
C34,29.698724300022366,-61.47079055281461,-292.34993002501506,0.18463592603599824
C35,19.829637160816144,-68.45447918730824,-291.6919871761196,0.1275329820242144
C36,9.924391661391065,-75.32798374017274,-290.5516951302316,0.07827201437636419
D29,-0.0003106242919335,-82.0768220264743,-288.92446674658004,0.04356888195477816
D30,-9.929505371602138,-75.36674808378159,-290.69768747180444,-0.07286285834888968
D31,-19.85009738958731,-68.52680446934673,-291.99312573429035,-0.1828398244425213
D32,-29.744459545571143,-61.56683167916723,-292.7974575833353,-0.2753563127143569
D33,-39.59352103995074,-54.4982971442778,-293.1005315340105,-0.3417634013721426
D34,-49.37775418644249,-47.33121207597372,-292.8962696549744,-0.3767893306587923
D35,-59.077090201463655,-40.0815053177596,-292.181641752532,-0.3769239687185394
D36,-68.67239136530006,-32.76196882556835,-290.95826517083646,-0.3424214741826828
E29,-78.14492854144477,-25.389607686790065,-289.2313987445822,-0.27600039300869
E30,-74.7927996518966,-13.852447056819884,-290.8726205863405,-0.2538656781714769
E31,-71.31224832609084,-2.2941259831196383,-292.011556715698,-0.20182488184837916
E32,-67.71131404043047,9.261913360043062,-292.650862734443,-0.12475853972377307
E33,-63.99858005156593,20.795367175029288,-292.7969095352962,-0.030108978725746173
E34,-60.182667122975296,32.2865802501506,-292.45941203514724,0.07206906402702981
E35,-56.27253474370973,43.71883664133103,-291.6507081765128,0.17007869436190873
E36,-52.27665234461397,55.07564293316605,-290.3857356595699,0.24998121326310183
A29,-48.203204296796365,66.34558343325597,-288.6806462052439,0.29712555998458623
A38,-42.31333245777272,75.24410772799938,-287.4157635813548,0.30023059094299315
A39,-30.295011713367927,75.57383319506947,-288.8473085823481,0.2968831548838374
A40,-18.205750341357717,75.79623190373006,-289.81166787493885,0.2878852954688042
A41,-6.107678459980711,75.91138553011483,-290.3084362483222,0.26871706744582763
A42,6.109847298834495,75.92094341745141,-290.3435606023452,0.23228128363296047
A43,18.21419622168925,75.82654447021407,-289.92436487681454,0.17088916943552274
A44,30.3182954471604,75.6302250485786,-289.0612214700012,0.07444225527138411
A45,42.364334274121646,75.33490240501887,-287.7688431595279,-0.06788096827141675
B37,54.13838026564753,74.51694180981417,-286.19792228671105,-0.2541113478996754
B38,58.566384483977146,63.582992696240034,-287.8266341593382,-0.1277315535418583
B39,62.57899596609822,52.22210224047564,-289.15781057866405,-0.02542036472727221
B40,66.51353140900095,40.77017568476805,-290.0450614651412,0.04620932726598542
B41,70.34922102329067,29.28457466951117,-290.4777519757616,0.09363770521166535
B42,74.11989527021261,17.657549366844464,-290.4504098457663,0.1218343282924463
B43,77.75294271731181,6.11089053928488,-289.960520847022,0.13348999874279985
B44,81.28242822704252,-5.461176922223136,-289.00720499937813,0.1304087424062243
B45,84.69096255726842,-17.001371977070292,-287.5954985764902,0.11218771524334617
C37,87.50804537395263,-28.431865907022363,-285.87280523648855,0.08467511780169262
C38,78.48458952128664,-36.01264376091879,-287.50097805867443,0.21079429155329452
C39,68.93463776543202,-43.334460164857575,-288.8624599061087,0.2809932110547817
C40,59.27713966421308,-50.61489517135415,-289.7973017248904,0.30299952730466395
C41,49.555728493544095,-57.816779592274855,-290.2874808608742,0.2909334924658312
C42,39.6770975613209,-65.00387147319226,-290.32007796609184,0.2573222253424441
C43,29.828070206268837,-72.03695245906748,-289.8831142353717,0.2144380178083171
C44,19.918389169648638,-78.97811547088189,-288.9681367780093,0.17178032801327747
C45,9.999284727184866,-85.79000034253056,-287.572029659975,0.13743057028430852
D37,-0.0006901759357929,-92.00067300828204,-285.8465499189328,0.11291564333869736
D38,-10.004673568388776,-85.82863799693958,-287.69895796926846,0.004647641054718517
D39,-19.937518763765063,-79.05293682822654,-289.2359758354352,-0.10696600418396253
D40,-29.87054840535856,-72.14015726483592,-290.2896229431448,-0.2071065323901394
D41,-39.74967219891894,-65.12364714790459,-290.844867447187,-0.2858275517301651
D42,-49.66026460977719,-57.9394141004886,-290.8937860637443,-0.33641688727204133
D43,-59.40765666543709,-50.7267590658832,-290.43099718670805,-0.35359435341192685
D44,-69.07673074618445,-43.42404087163665,-289.4564049938415,-0.33624675973007795
D45,-78.61429451513361,-36.07225178085731,-287.97687912068795,-0.28605373710884024
E37,-87.59441635285839,-28.45957651303249,-286.1539439547018,-0.21073372083002104
E38,-84.77917397658251,-17.01857922532398,-287.8957980325249,-0.20127137179386553
E39,-81.36207171468355,-5.466004916949199,-289.29316032567385,-0.16646766491093312
E40,-77.81369250803621,6.115975625511045,-290.1918038229015,-0.10568947826971635
E41,-74.1547225633191,17.66570610094067,-290.59306213654924,-0.025225710001373768
E42,-70.35399168091236,29.28584600397101,-290.50385001540684,0.06715202417372673
E43,-66.48765538654699,40.75312159945971,-289.9366905499077,0.15890602339402546
E44,-62.52425185477891,52.17504209901174,-288.9040253395954,0.23843005788519842
E45,-58.48696503911708,63.49551856908351,-287.42508992767574,0.2908239821556834
A37,-54.04309168181013,74.38451714391655,-285.6666489274988,0.30158369536230695
A47,-48.13703144420296,83.26532539734549,-284.30173784903855,0.2706331692086838
A48,-36.374215260924814,84.05813111873408,-285.82163874561064,0.26213835601474067
A49,-24.31226838109458,84.35224193375082,-287.0287258679792,0.24721417724012987
A50,-12.209830400949704,84.51197619793258,-287.77931502344387,0.2198460817738482
A51,0.000800993344533,84.59489980008216,-288.0618928282206,0.17370446695153832
A52,12.215959438687998,84.544545775319,-287.892091916506,0.10230888342568673
A53,24.332937149009016,84.42088765335578,-287.2688251095773,-0.0033527472012531215
A54,36.42264345049127,84.16984881102688,-286.2185291076822,-0.15296339592945724
A55,48.22894772046077,83.42628955219914,-284.886803469608,-0.34294965207127126
B48,68.82140248885382,60.67510621816478,-286.3495067829209,-0.28894386571558145
B49,72.80812612076816,49.255962922542295,-287.4396502196153,-0.18054997013076987
B50,76.68035036498559,37.767824850644,-288.0907483082423,-0.1037356286057189
B51,80.51212250157182,26.160216890350544,-288.2815080705701,-0.05427548160655048
B52,84.21504879878611,14.514115794717316,-288.01694682761485,-0.027316248498622395
B53,87.81258754058777,2.9460861062781163,-287.2866749344413,-0.0219044559458248
B54,91.27216467071987,-8.62819891581987,-286.1063440077809,-0.03614439681339032
B55,94.1660449601001,-20.0733082252979,-284.61735535873964,-0.061694751340251125
C46,96.91898835584524,-31.491552696871384,-282.70203282912667,-0.10864807019325336
C47,87.94165753825219,-39.09157779213276,-284.48240253638846,0.07992522384147102
C48,78.85213440986948,-46.63170093999714,-285.8786891285755,0.2020804667770212
C49,69.24410389247961,-53.944963064629874,-287.003550591484,0.27366327757557335
C50,59.53587176071304,-61.17560693891152,-287.7015646171763,0.30142016398483606
C51,49.70084267456489,-68.40778639225223,-287.9428812623213,0.2984619853361025
C52,39.78616946474377,-75.53090032258004,-287.72558424152896,0.2767256952634188
C53,29.908830982998563,-82.52924721496441,-287.02927010053406,0.24749000654572098
C54,19.980871954277827,-89.3948683165977,-285.8634285415316,0.21908572171182944
C55,9.998636949630605,-95.67792452631149,-284.3743942191488,0.1947527010020352
D46,-0.0008885940620389,-101.80940021415516,-282.42880005944926,0.18134345685138395
D47,-10.003827079008282,-95.71340979756008,-284.4785673536288,0.08459003961612062
D48,-19.997847283971424,-89.46668215715687,-286.0893433673984,-0.018570335549005234
D49,-29.94641811161272,-82.63228123865728,-287.38110964626253,-0.1210432337581377
D50,-39.851152247235255,-75.65495035798166,-288.1896099214346,-0.20796575965517403
D51,-49.79578329828574,-68.53959164080358,-288.4886421539408,-0.27095469497375185
D52,-59.6563713866862,-61.30058241359785,-288.28147245264535,-0.3039128384044483
D53,-69.37726552839707,-54.049702024964645,-287.55535215407,-0.303559225197803
D54,-78.97598688646214,-46.70559414584224,-286.32885573443457,-0.2706236805306329
D55,-88.0274232214268,-39.12963403746648,-284.75849623144245,-0.21167605056812436
E46,-96.9291727504851,-31.493393295660223,-282.72012969854444,-0.1291502884849865
E47,-94.19076358153954,-20.077456431735836,-284.68412797302835,-0.13297018372346356
E48,-91.29632048849504,-8.629601094159618,-286.1767734886204,-0.11059327935555814
E49,-87.82645750083469,2.947109444975069,-287.32904009596086,-0.06648133160179552
E50,-84.20844268340782,14.513107259718318,-287.9924188080859,-0.0019009855323289407
E51,-80.47766143928962,26.148646251319803,-288.15535030043407,0.07701295099612303
E52,-76.61473015959734,37.73466845433626,-287.8377978406294,0.15967714212036752
E53,-72.71111079854181,49.18920369005525,-287.0423792744324,0.23378819011833057
E54,-68.69587475487405,60.563162807516726,-285.79924417883296,0.2863784917035712
E55,-64.30583309308656,71.50378885467411,-284.2712840612258,0.30319654515273464
A46,-59.82490025025857,82.34366905983677,-282.3424600632259,0.2722608869998002
A57,-53.91194765948237,91.22482874040342,-280.8750316122633,0.20127873353610967
A58,-42.17518853028151,92.07999166732576,-282.6077669001575,0.19238863158718056
A59,-30.39241142609001,92.7810325780086,-283.91075946131696,0.1712478574110733
A60,-18.30016098177604,93.01378310043972,-284.9043842652143,0.13876729237329885
A61,-6.111522442295432,93.1979506083899,-285.42287856282803,0.08472738474652836
A62,6.113641572369851,93.22163929448124,-285.4993631435366,0.004640308234852859
A63,18.31453227288564,93.08650728349508,-285.1405328146314,-0.10870718830185633
A64,30.43307492738608,92.90810390539392,-284.32754942388783,-0.2662594611593903
B61,86.85155028923255,34.653295716678045,-285.7995334298964,-0.30810280034025245
B62,90.62080944632363,23.01001623920237,-285.75348459684795,-0.26027518612667294
B63,94.22629472322087,11.3498571534226,-285.2648812071997,-0.238392900819664
B64,97.75873302820838,-0.2369211985162163,-284.3063259078927,-0.24410798283356158
B65,100.75003889541608,-11.6766383774005,-283.04045909406847,-0.26395271518528957
B66,103.58456070602044,-23.12377082320993,-281.35566254004243,-0.308363601628589
C57,97.33698533211478,-42.15709783696054,-281.17903552899145,-0.12191123268619213
C58,88.28209532117454,-49.72385457683957,-282.7311475354438,0.06163919156409497
C59,79.12121780878509,-57.1932763470051,-283.8991084782882,0.18356384226797962
C60,69.44984566375884,-64.46459848957315,-284.79003640279745,0.25937889264140473
C61,59.68278506419066,-71.7536483768296,-285.2232294828401,0.2950160184716146
C62,49.79810518767075,-78.93218579350258,-285.21571259533926,0.30317376128244844
C63,39.84361430262678,-85.9593990150838,-284.75781700220926,0.29403986135110805
C64,29.934268508552652,-92.890303848201,-283.8107652960332,0.2779654633760189
C65,19.995988707580743,-99.25899773454783,-282.54479070458217,0.2603638000552039
C66,10.00117360191035,-105.47207841877596,-280.8331919137027,0.24715499129609503
D56,-0.0008488308102191,-111.49598124743623,-278.6818797699874,0.24180135621813756
D57,-10.00564687982913,-105.5014860170467,-280.9116017763928,0.16330916866408296
D58,-20.009991114420504,-99.32210718944702,-282.7233136590209,0.07050188237039674
D59,-29.96532069495004,-92.98465552620662,-284.0959816417296,-0.02404976249340325
D60,-39.89831712146309,-86.0776373107696,-285.1444329197517,-0.11393295200904029
D61,-49.87931887078469,-79.06221221492967,-285.679314527846,-0.1851145476147242
D62,-59.787267051022205,-71.8809452721327,-285.7230575047032,-0.23124051827063705
D63,-69.5665123486454,-64.57449986393775,-285.2705166505923,-0.24712776362005578
D64,-79.22984089617779,-57.27293288818242,-284.2910035253129,-0.23083355734430636
D65,-88.3561747153612,-49.76574619279176,-282.9668311669848,-0.1889376265942732
D66,-97.34093336763188,-42.15724548802509,-281.1779379080568,-0.12218423578739046
E56,-106.13894178419422,-34.48623929245057,-278.94021516494934,-0.03709517379483553
E57,-103.50523110856976,-23.102822354281763,-281.111852803732,-0.05131260795918072
E58,-100.6831968072202,-11.666459721525452,-282.8291260350976,-0.04221782396008383
E59,-97.68932606978764,-0.2349449495147027,-284.08358301001044,-0.01090323371564013
E60,-94.1455811965076,11.34131650998162,-285.0010122675248,0.03759842567677556
E61,-90.51775163600304,22.984449813985737,-285.40738417245007,0.10167829067844086
E62,-86.72018439955339,34.60096048529229,-285.3409093152125,0.17174357343146768
E63,-82.77599498733039,46.131143464403706,-284.8120156315869,0.23709176898285975
E64,-78.81590122825999,57.55318978557116,-283.80347782006726,0.2856351258218104
E65,-74.51097065126379,68.53964493159836,-282.5039710748967,0.3033338082000118
E66,-70.08026137533435,79.44327581310547,-280.8023568142796,0.2792391134252432
A56,-65.5458319023999,90.21805227125886,-278.7200823759459,0.19940623367968188
A68,-59.6142459123636,99.0817014922737,-277.1622736976088,0.08360440239450924
A69,-47.93516303765079,100.00919661110945,-279.0942400776518,0.0781567837965543
A70,-36.18275498842007,100.78593379220928,-280.6050884651594,0.05661380861011714
A71,-24.37357793971762,101.41064928701589,-281.69490937933944,0.016730035564938673
A72,-12.199577043018651,101.68155438666982,-282.4497390948475,-0.04249653897073373
A73,-0.00109546947996,101.79296799658694,-282.765206700166,-0.12923327508754137
A74,12.204840004878172,101.74653576232816,-282.6469304817932,-0.2500722261114268
C69,97.63503463091946,-52.7725954857372,-279.3107303543438,-0.1529160815826899
C70,88.52098431322365,-60.27433493974384,-280.6314459290719,0.028558893129876053
C71,79.29200826468437,-67.68492451594398,-281.5667830193377,0.15281078138880042
C72,69.57389667952081,-75.02274672604217,-282.1879351635344,0.23507183476628632
C73,59.7532254755931,-82.24163749311792,-282.37863475375605,0.2801728625949095
C74,49.84110706931264,-89.33098446089137,-282.1276742678811,0.2996482013402733
C75,39.85047596492158,-96.27666720303642,-281.4265834068124,0.30303460913232366
C76,29.942550325832663,-102.72060952626192,-280.38012079652225,0.2979634255131793
C77,19.987954007448376,-109.00563290907525,-278.8970826131159,0.2910883971702327
C78,10.001610500588914,-115.1194517520326,-276.9762099422492,0.28610511850337955
D67,-0.0005575680169923,-121.05195782140392,-274.6182285148538,0.28551504948238854
D68,-10.004775522913436,-115.1397388458718,-277.02637649771515,0.2319191172618381
D69,-19.998098993613315,-109.05405158975763,-279.0224376407213,0.15642116150528199
D70,-29.965879186140665,-102.79796786178498,-280.59185990637314,0.07133294066356577
D71,-39.89236925391725,-96.37769567517212,-281.7211710383429,-0.01120032308385488
D72,-49.90476113754455,-89.44634538367612,-282.4900003585218,-0.08588965811978178
D73,-59.83614996249026,-82.35770838185452,-282.7744796480792,-0.1405893386972458
D74,-69.66650869195807,-75.12457509356265,-282.5682544020732,-0.16938715527547335
D75,-79.3762989934317,-67.75826921727499,-281.86938439509674,-0.16975891921555872
D76,-88.57249093821758,-60.30959081779101,-280.79271009260503,-0.1443606830944025
D77,-97.6203855421102,-52.7627906023956,-279.2545006725889,-0.09418119272587701
D78,-106.50529698180712,-45.132664855582725,-277.2621498129737,-0.024203638510333955
E67,-115.21457943590842,-37.43569194834016,-274.8256418158665,0.05865853311245729
E68,-112.6698863434468,-26.082825495596577,-277.2056270534584,0.03727550923152288
E69,-109.94129883860312,-14.686381118102888,-279.13441010532244,0.03551298713917182
E70,-107.03365543430698,-3.267672648017127,-280.60831424410827,0.053669472037062356
E71,-103.95278629270273,8.155040601985407,-281.6269401019756,0.08957230111144855
E72,-100.41364093634256,19.8069934681986,-282.27996871813326,0.1381385214891704
E73,-96.70790657759756,31.42146732032941,-282.4604765850372,0.194001593109994
E74,-92.84476216618503,42.98119492421096,-282.17687395354864,0.24788828566867718
E75,-88.83397622472324,54.46867202056242,-281.44024402841063,0.288712674458264
E76,-84.60117379651805,65.50273851562382,-280.3749338442296,0.303317794717704
E77,-80.24622795396,76.4433542564684,-278.90511047906017,0.2817248635037823
E78,-75.77764905789958,87.27991354605138,-277.0455164535602,0.20986742340875794
A67,-71.20344401876349,98.00421022437972,-274.81154872694543,0.07334044774069702
A80,-65.30405864939752,106.94482091573194,-273.1219593240439,-0.09519294901145214
A81,-53.65385389554299,107.9442344557682,-275.2546494481182,-0.09253871475332857
A82,-41.90244214404967,108.79554964134688,-276.97380036219147,-0.11052280305405365
A83,-30.107149568234615,109.49552459760513,-278.2720641814608,-0.15113759454599768
A84,-18.32302326631187,109.94263082291418,-279.18684556883505,-0.21312222009589527
A85,-6.122209337310627,110.14113862451056,-279.7399274950975,-0.3039340925429189
C82,97.87480584468362,-63.40867898979247,-277.0625770887047,-0.20569457434835975
C83,88.68015659774451,-70.8593412831906,-278.15227894718885,-0.02302286771387839
C84,79.36486562175399,-78.09663934579443,-278.8871912743388,0.1067828936155968
C85,69.58047379506257,-85.3736040550035,-279.269906354064,0.19716997336233752
C86,59.68406475336536,-92.53794214734002,-279.21883050927914,0.25220079812390905
C87,49.72176466460772,-99.55386045664883,-278.72421146280413,0.28245330271066427
C88,39.94586043954221,-106.12436129226808,-277.8557536176359,0.29685608436658284
C89,30.00863311984936,-112.4929210136436,-276.5926319748831,0.3019595692850666
C90,20.01573027102156,-118.710057688635,-274.8915272158185,0.30305720014313053
C91,10.016073184425302,-124.74082920755993,-272.759103089919,0.30318664690276864
D79,-7.17994164170758e-05,-130.47201325303627,-270.250132765342,0.3032922614472482
D80,-10.017366789193137,-124.74875854290796,-272.77863762055154,0.28209271900521693
D81,-20.021171337169427,-118.73750671122669,-274.9586280039553,0.23037179091534699
D82,-30.022896335817855,-112.54419926922763,-276.7225601815587,0.16156070303833095
D83,-39.97330511700693,-106.19710438363629,-278.0495791019612,0.08802227538859982
D84,-49.764526312833816,-99.64067157820097,-278.9697188381241,0.018564941347107063
D85,-59.740739645539705,-92.627730022122,-279.49119105848723,-0.0401213042627676
D86,-69.64267605144116,-85.45187161875988,-279.5264381755801,-0.07815042667872871
D87,-79.41630727462055,-78.14850336519818,-279.07174569566104,-0.0916999170122715
D88,-88.6981383878153,-70.87348321292316,-278.20516046814714,-0.08062749196707579
D89,-97.82853428347951,-63.37602481810189,-276.91376176767824,-0.04658507425752081
D90,-106.82023077373668,-55.77456700996227,-275.16216303290446,0.0076050838315267315
D91,-115.62736760982536,-48.10871462266391,-272.96576524387746,0.07605658636111741
E79,-124.14865176541362,-40.33786273140364,-270.3889964244644,0.14963163171615718
E80,-121.8015221510514,-29.037916376494213,-272.9202320611007,0.1263242398881153
E81,-119.15848742011352,-17.65839820893783,-275.06224020642964,0.11708752130805322
E82,-116.32882595630583,-6.2258808797498615,-276.7566535443123,0.12448496993634485
E83,-113.3292316023208,5.198758230941166,-277.9949002659282,0.14723313905084562
E84,-110.08221741123778,16.528069104408548,-278.8190283790724,0.18125222915672107
E85,-106.46113667106135,28.16793950765684,-279.247235768357,0.2227779381286359
E86,-102.6718125653172,39.78189381521636,-279.2089970579936,0.2638312497379271
E87,-98.73710469803586,51.31295354776182,-278.7138606227993,0.2942832347715052
E88,-94.69278500247968,62.3761427627939,-277.8504059801198,0.3028117156090062
E89,-90.40676246952953,73.3778724434339,-276.6132374975536,0.27921036147306255
E90,-85.9965038253418,84.30189407131297,-274.9759593372096,0.21005758796945853
E91,-81.48425013697415,95.1021039065068,-272.9590983739452,0.08251787018469361
A79,-76.79639676866445,105.69926678860696,-270.62880192713845,-0.11604361707908835
A93,-70.87555396681837,114.62316880811083,-268.8556299155278,-0.3407633568525204
A94,-59.32582154779323,115.777045775989,-271.1342120202226,-0.3282692746841099
A95,-47.607717271091815,116.71273086514736,-273.04894684880134,-0.3388425895464718
C96,97.99335168709928,-73.96976450430824,-274.47248821516536,-0.28171529940051293
C97,88.72465499621394,-81.25404902379258,-275.35932358591026,-0.09463840543251538
C98,79.34077048668877,-88.41709456613755,-275.8673686474437,0.04122893746301385
C99,69.49260231151398,-95.64620862797584,-276.0048744739474,0.13974992545519693
C100,59.54159328776972,-102.7238467405606,-275.7166474998337,0.2048345394120465
C101,49.80475086507898,-109.3698262224231,-275.0470056350321,0.24461542630222718
C102,39.99554165080734,-115.85132800018076,-273.96677755646,0.2682776386170105
C103,30.031055311441275,-122.16031230828357,-272.4814245338087,0.28123385818731644
C104,20.02094152149445,-128.28095094515666,-270.57484477649666,0.2872362941105527
C105,10.018370358389436,-134.11882918206143,-268.2883253993527,0.28847181482565026
D92,0.0004636426821655,-139.75105784531485,-265.5906452599446,0.2852079214107938
D93,-10.01746680890831,-134.11142905531588,-268.2758448959676,0.3029660950969778
D94,-20.02099597934816,-128.2811129337169,-270.5796822276876,0.28280225721567914
D95,-30.035029263108743,-122.176072316896,-272.5224642861412,0.23716096444543955
D96,-40.00659711665252,-115.8837298572934,-274.0497329110233,0.1785740459514605
D97,-49.82442435531311,-109.41420449887634,-275.1645524309859,0.11746624043472656
D98,-59.5679343935715,-102.77089797306992,-275.84788501112496,0.06297247901585677
D99,-69.51857364639508,-95.6833998441707,-276.11552570762325,0.020178210829907832
D100,-79.35174019048698,-88.42983295249958,-275.90802131450795,-0.0027564520858495236
D101,-88.69993028554578,-81.23013202637524,-275.27552779263743,-0.004085327869655121
D102,-97.90396799794134,-73.89812526266765,-274.19819252796736,0.015412266177872905
D103,-106.98186887271368,-66.35980924310599,-272.6881997375711,0.05420963137399445
D104,-115.88393512408652,-58.71574597561573,-270.7378700497175,0.10731538524033213
D105,-124.50731424371796,-50.99230270279076,-268.3973073414604,0.16769210670532192
E92,-132.93511682570124,-43.1932054623021,-265.6430141269058,0.227351835178412
E93,-130.68452838849558,-31.92625630584966,-268.3635283454235,0.20553225548626375
E94,-128.22727228734266,-20.60702568470006,-270.66030635986937,0.19356115413763714
E95,-125.49658390751678,-9.191593843229162,-272.56227101091497,0.19331409701469277
E96,-122.56407162991714,2.2377548258388065,-274.0254663518337,0.2051878439171487
E97,-119.41255794122743,13.568858032477973,-275.0646366178231,0.22667625522713047
E98,-116.0745518451952,24.877955401684705,-275.6726677325487,0.25405729615162176
E99,-112.3849076281714,36.51585030634404,-275.87543819739733,0.28171867008242163
E100,-108.51321967545216,48.09338810962359,-275.6295802566812,0.30061802743649224
E101,-104.55819027367002,59.19805445637277,-274.99635963568454,0.300439953069672
E102,-100.4509604603556,70.21772296212296,-273.9638659164959,0.27149121058620684
E103,-96.12497303113555,81.20222234287041,-272.55308862776457,0.20193537109598664
E104,-91.662243204817,92.07917259096892,-270.763178664162,0.07822052422503005
E105,-87.05246718273443,102.7503780797924,-268.64633946780793,-0.1103743601879261
C112,88.67655228778149,-91.57606561898864,-272.2241560346432,-0.19232469095135288
C113,79.22079738890692,-98.63581390900944,-272.5155616202805,-0.049343956616607086
C114,69.30459000414447,-105.78706580846044,-272.41758040193804,0.05781680161487984
C115,59.629289669495584,-112.51929824930308,-271.929837899222,0.12971311215287035
C116,49.84589175165704,-119.08631296451856,-271.04744865132795,0.17861476291470987
C117,40.00031462043523,-125.45175589783274,-269.77057879963576,0.2094394257016648
C118,30.005131673615733,-131.67369969869603,-268.077233653654,0.2271567934240258
C119,20.041724765822703,-137.62897324712603,-265.9997596261894,0.2343033485331701
C120,10.02426151720677,-143.37640097026303,-263.5203671324088,0.23258017210788104
D106,0.000803833424632,-148.88665732544223,-260.6521840836462,0.2216857642512052
D107,-10.021200256823771,-143.35064211526205,-263.4745001565823,0.28525341263435616
D108,-20.0361115663412,-137.5959749758704,-265.93978437636895,0.3029562455439454
D109,-29.998062384226724,-131.6448499453688,-268.02436286237804,0.28773597285236024
D110,-39.9935317546363,-125.43171471742532,-269.7345879660456,0.2510610337399619
D111,-49.84004556716113,-119.07339406819575,-271.0253339845765,0.20467407806267185
D112,-59.62223892410003,-112.50686243264111,-271.906158095506,0.15721855708323348
D113,-69.28976938852863,-105.76472993048183,-272.3644074069794,0.11733326870783098
D114,-79.18485036318829,-98.5900180903006,-272.3898157155619,0.08922373190275468
D115,-88.60059692800434,-91.49437372444189,-271.97675512689653,0.07901647910181178
D116,-97.88347408311633,-84.22921747559725,-271.13173102361384,0.08652566464831857
D117,-106.9848429968353,-76.83210934681115,-269.860398428227,0.11088400003568318
D118,-115.98550366787693,-69.24114318941695,-268.148424348478,0.14898572549422084
D119,-124.7141346686999,-61.5964993778504,-266.0357421544943,0.19539806807917914
D120,-133.25515778086483,-53.83619715388441,-263.51294412524084,0.24282948170153734
E106,-141.5693879893689,-45.99871063310782,-260.60137835663767,0.2819152688495121
E107,-139.4387270891223,-34.76815205070337,-263.4918370228488,0.26677672797996477
E108,-137.0739782394356,-23.468234433504733,-265.98218593323685,0.2557810100223085
E109,-134.48738446804737,-12.15222245388966,-268.0566692384079,0.25178447227412504
E110,-131.64944153634815,-0.7249630751464837,-269.730037230663,0.25611061790136813
E111,-128.62038397313643,10.601865638970184,-270.96872989992374,0.267279358312615
E112,-125.37343299271684,21.927662987016237,-271.7925624175333,0.28254531060861243
E113,-121.92790156335484,33.19565441445055,-272.20142523373715,0.29685611139399093
E114,-118.15130598870392,44.81163958854736,-272.1952399603694,0.30339647868049946
E115,-114.31515470897784,55.95198348336902,-271.7822621710154,0.29310283736086695
E116,-110.29338674568592,67.02805390136105,-270.9770616449721,0.2567456646701122
E117,-106.10770034432002,77.9900196523728,-269.79358141398126,0.18383193029789832
E118,-101.72559809635406,88.93996096517203,-268.226355031668,0.06060129977134427
E119,-97.2238469015796,99.6801009174748,-266.31820930212155,-0.12272269942452677
C128,88.53126839025299,-101.77412935947667,-268.76942336554225,-0.32063525422593775
C129,79.00604013377057,-108.74497945083893,-268.8404058629965,-0.1707309778355881
C130,69.37532373238803,-115.5561328571398,-268.5321702796892,-0.05912593383918514
C131,59.64973961772908,-122.19569145260496,-267.83886954236215,0.020937232910430634
C132,49.84074615909835,-128.65410483183865,-266.7553075474396,0.07618468019667314
C133,39.96085891127446,-134.9200200106025,-265.2788804514669,0.11139944068971665
C134,30.023055080550115,-140.9841224767243,-263.40815480940523,0.1302317760705004
C135,20.041054892156243,-146.83731108530702,-261.14376111654803,0.13509304783072285
C136,10.028894448877049,-152.47036242052283,-258.4888105285156,0.12608702928308596
D121,0.0005894420696914,-157.87640294976416,-255.44759467883765,0.10242878601637549
D122,-10.024326184760092,-152.42343594333497,-258.4086578330967,0.21906664851510463
D123,-20.029993605319483,-146.76534583800145,-261.01671461246656,0.28151800341357763
D124,-30.004732908631937,-140.9019995783063,-263.25773684569225,0.3025737955778138
D125,-39.93545154488674,-134.83575591348085,-265.11783416428744,0.29491048843715223
D126,-49.80782605271276,-128.56937802296144,-266.5848261334828,0.2693695746806926
D127,-59.60665497464512,-122.10670430684785,-267.6481797624194,0.23572640627461253
D128,-69.31562763545567,-115.45476411713912,-268.2984891678981,0.20249450558320886
D129,-78.91813626110608,-108.62021986916716,-268.52937244207124,0.17570724894169715
D130,-88.39730303627788,-101.61360071369414,-268.3358940350603,0.16057315823424959
D131,-97.73653991507068,-94.44592775756088,-267.7161899694773,0.1593887220213165
D132,-106.92031380189694,-87.12734881108912,-266.6716786768594,0.1716630311921423
D133,-115.93379619177232,-79.67220431865535,-265.2053923233367,0.19619632183159746
D134,-124.7637686898592,-72.09448566379356,-263.32328206592075,0.22874982805868235
D135,-133.3988743558486,-64.4062150628922,-261.0341700502883,0.26287793635873874
D136,-141.82964275006128,-56.62097213261333,-258.34834577657546,0.2908083183577967
E121,-150.04826132784584,-48.753724011263785,-255.2776149103747,0.30324486784095167
E122,-148.0197096864752,-37.55645995934268,-258.3401958210573,0.3000408469377425
E123,-145.7639869476668,-26.30126467457885,-261.00611406995057,0.2947905784829645
E124,-143.28274066296893,-15.005646006268265,-263.2679842859854,0.2914257750460511
E125,-140.57889500629815,-3.68573655498546,-265.1207747229761,0.29164148402286144
E126,-137.6568776069243,7.639124790934827,-266.56151917284456,0.2953381572526635
E127,-134.52197635954911,18.95173317208618,-267.58994011393884,0.30054076319116135
E128,-131.18106379016078,30.235391651129863,-268.2077726334321,0.3032903927223908
E129,-127.64141821571916,41.47419994793268,-268.4191784696512,0.2979550624103233
E130,-123.91113506706256,52.65135491079096,-268.2306404551795,0.2770766757403102
E131,-119.99881753701015,63.7542447070897,-267.65004917660616,0.23199090235283398
E132,-115.91319605706508,74.7705789546567,-266.6870338328811,0.1527149489032428
E133,-111.66283899319352,85.68841396241524,-265.3529346735812,0.02812177252180264
E134,-107.2562714358871,96.49991082521474,-263.65931704312163,-0.15322731297460113
C147,69.81679292388552,-126.75134968791944,-263.54114132083413,-0.2562337789570226
C148,60.002684908069256,-133.3091423100778,-262.62008950757144,-0.16808195365737003
C149,50.13814638376497,-139.6663895650973,-261.3120813552204,-0.10744362402070243
C150,40.08484983181432,-145.89879612901595,-259.59349026330966,-0.06964521650053483
C151,30.10788249357713,-151.85253551441764,-257.5011529498197,-0.05413059053908978
C152,20.06947267550318,-157.60556991639308,-255.01478452421424,-0.05815346363221131
C153,10.034258635381892,-163.12494655133597,-252.14832249732623,-0.08171906105380297
D137,-0.0006652852650428,-166.71860011298563,-249.98969468780135,-0.08306117447264051
D138,-10.029915756321524,-163.04930379775675,-252.02638324900423,0.0618154230452759
D139,-20.053229006919103,-157.47991749631473,-254.80546878525584,0.18650117128030216
D140,-30.07669597862827,-151.69572226953096,-257.23012476289256,0.2605320176886834
D141,-40.03698378586589,-145.7230398008058,-259.27684922749,0.29564724496363304
D142,-50.07139936068282,-139.4771033464686,-260.9543911651579,0.3027018507052145
D143,-59.91365782123352,-133.106292860394,-262.2157823995668,0.2929164934319742
D144,-69.69858797949509,-126.5297216490053,-263.07238434858704,0.275528621430207
D145,-79.36109036370037,-119.7832978245404,-263.51406389310023,0.2567587012903024
D146,-89.4017478303963,-112.49689512165556,-263.52671206641844,0.24251212880527048
D147,-98.81170235918098,-105.39967289275572,-263.10633157721685,0.2369680788072732
D148,-108.09661565716844,-98.12926495269298,-262.26157083108563,0.24089557624390515
D149,-117.19676828969205,-90.735533894328,-260.9977315278144,0.25358133031805347
D150,-126.22715839200087,-83.11411655180206,-259.2983699187328,0.271889981046265
D151,-134.96204572196638,-75.47269374470483,-257.2060476690401,0.2901384175233391
D152,-143.5188634819718,-67.7097179660134,-254.7085007439976,0.3022072996278121
D153,-151.84941441892326,-59.876466600781946,-251.8277983002561,0.2988012157679137
E137,-158.36970119612585,-51.45698548768356,-249.68540978898503,0.2806905562392659
E138,-158.04922766948673,-40.81373278066064,-251.8359417075055,0.2887985521849585
E139,-155.91123772379476,-29.579629220766623,-254.7120080221064,0.2974917241920323
E140,-153.54434847618026,-18.268624244192797,-257.1961820617739,0.2999894821590353
E141,-150.95955257428864,-6.952939829484059,-259.2718323798233,0.3016888306686601
E142,-148.12564231153675,4.520592824101874,-260.95567535533945,0.30091827851540925
E143,-145.10568963936635,15.849555597750085,-262.2110873704894,0.297515607450341
E144,-141.87046320021585,27.18736319989116,-263.05970102045023,0.28882626849769427
E145,-138.44111931673802,38.46129750117514,-263.5010887282674,0.2700239248303382
E146,-134.6245024765118,50.26634860746829,-263.5337383806926,0.23271277202063764
E147,-130.8065544737787,61.42029848334941,-263.1615805272322,0.1720574528310963
E148,-126.80153043654896,72.52322744769633,-262.4028816869636,0.0776542567874766
E149,-122.63949121085608,83.50873425297847,-261.2706217882045,-0.06039859529400289
E150,-118.2584463321658,94.52655421281376,-259.75724705688907,-0.25607760551566233
C168,40.14926563850808,-156.68270276366832,-253.53513874578084,-0.33511215223377216
C169,30.130907496607087,-162.5456901873514,-251.2147779773047,-0.32889863762944893
C170,20.067422768639315,-168.16952146235027,-248.5265863528801,-0.34776262339674885
C171,10.038254662012571,-171.89736773518538,-246.56146577851248,-0.3362710645756043
D154,-0.0035848774670617,-175.4121821213539,-244.29115800640312,-0.34548618154540084
D155,-10.037120383869114,-171.79499067815323,-246.40398801202804,-0.15077654043042876
D156,-20.04912535687447,-167.98319500061197,-248.23370051937223,-0.0003590686484750534
D157,-30.0891455908941,-162.3030475488808,-250.8201728580316,0.136044346834332
D158,-40.080352977900496,-156.40028133770727,-253.0579726842247,0.22347781397642263
D159,-50.14436200787074,-150.2642490806868,-254.91537547517464,0.27353055976944673
D160,-60.13102047067552,-143.90608041737622,-256.3921430485803,0.29702461056867197
D161,-69.9597485435847,-137.43615691479553,-257.43930574475235,0.3030083470520141
D162,-79.68193008450628,-130.7578552615325,-258.095161770575,0.2998989684498168
D163,-89.7871662318295,-123.58042754904228,-258.32115636782817,0.2935536618756231
D164,-99.738872303443,-116.19222195728844,-258.10444762891905,0.2893678208731311
D165,-109.09589959417652,-109.01025600636645,-257.45158433592024,0.28925235901153945
D166,-118.28242845027772,-101.65819147090326,-256.3962791250778,0.29307692515810213
D167,-127.40276107314692,-94.11586066861832,-254.8946399756504,0.29915978350570127
D168,-136.32244995082044,-86.42561660975704,-252.9919247822108,0.303160100563876
D169,-144.98143638664456,-78.72767393751819,-250.68465333775956,0.29915095577525475
D170,-153.42400912423437,-70.9112221691299,-248.0015869761873,0.27968565562937814
D171,-160.07714397271224,-62.54990693153052,-246.0729868139944,0.2514049775844378
E154,-166.53275283519454,-54.10853999058372,-243.8380686944857,0.20341710116796502
E155,-166.28665886312348,-43.48950913783332,-246.0948579725533,0.22457088460940128
E156,-165.82832821548925,-32.8151106791564,-248.0374732174804,0.23581923098733917
E157,-163.59375002261743,-21.52858965467298,-250.7223607085841,0.2532046939353879
E158,-161.11101053590193,-10.208738751672858,-253.02631820162588,0.2612486620155288
E159,-158.41266664942455,1.2574234513902671,-254.92559851574143,0.26135652222467176
E160,-155.46804816583654,12.720931699969295,-256.4282990864224,0.2540571016211538
E161,-152.3637551104499,24.071893532845586,-257.4947104433763,0.23730216762013473
E162,-149.02925971729204,35.38764918838357,-258.1730831978481,0.20782362814707991
E163,-145.3465154277381,47.227526600001845,-258.4372035506125,0.1571290182451825
E164,-141.42711976663932,58.9943847882442,-258.2843725895833,0.07885272831063135
E165,-137.53433839408794,70.1456703087013,-257.72568579965724,-0.030521839512727952
E166,-133.4438244710972,81.20485829834128,-256.8049171090294,-0.18306469147496207
D174,-20.073963263099884,-176.64288281512626,-242.44564274404843,-0.24226724325607238
D175,-30.044246382016954,-172.67454688530103,-244.0788635131668,-0.089149197266032
D176,-40.068325016104,-166.866264604308,-246.48278440072443,0.06048938397810084
D177,-50.16282481050306,-160.86445686991274,-248.49260008530248,0.16287025748474993
D178,-60.195993399370295,-154.6047938233585,-250.1527125893928,0.2288692191967642
D179,-70.10190061458506,-148.12079796579224,-251.4457353713217,0.26840842280640137
D180,-79.88483708209343,-141.53777773650808,-252.29392441106063,0.2884148902536833
D181,-90.05476329817287,-134.50174656448934,-252.70635899758489,0.29826141349831287
D182,-100.08898506443036,-127.2084372851114,-252.70387209627927,0.3013879591360262
D183,-109.91966776894104,-119.70654095794843,-252.2827226186814,0.3022515029076769
D184,-119.194341927511,-112.42915500862294,-251.4185951340499,0.3015995438523393
D185,-128.4056605500566,-104.99980579108616,-250.09541004020247,0.2985678928996446
D186,-137.4307021496213,-97.37610323390584,-248.38740673446648,0.2906848026813489
D187,-146.2150879713377,-89.60826150487331,-246.30875215316496,0.2722604033936719
D188,-154.77404508096674,-81.84486888020172,-243.81137323852607,0.23737595232819553
D189,-161.56409709958874,-73.56953616753756,-242.08405430455144,0.1997907810319064
D190,-168.1635151127858,-65.17731618977996,-240.0567319282908,0.1428552017469656
E172,-174.53710768517803,-56.70962999586557,-237.7485445926368,0.06078641752400086
E173,-174.3834867021232,-46.11996215212701,-240.0926329264728,0.09825455143001408
E174,-173.99678893255955,-35.45363796387047,-242.1477425101125,0.1210692302412927
E175,-173.38330811871035,-24.767949303838687,-243.89746547214716,0.13145846133778777
E176,-171.02951078412727,-13.451734313394342,-246.40581070845812,0.15363346667825978
E177,-168.49390389539315,-2.000376833821089,-248.49449632193307,0.16058456173298413
E178,-165.68068777252353,9.477821374491905,-250.2145206318949,0.15470245134897945
E179,-162.60603717782783,20.90937084039926,-251.5569246655312,0.1354783530277596
E180,-159.39775494067322,32.25915458852186,-252.4530652896809,0.09878953069478776
E181,-155.8828671557936,44.12297768807928,-252.92650730210647,0.036758497705065264
E182,-152.0911493913052,55.946338330756845,-253.0039209336306,-0.05406580574858809
E183,-148.0503168270093,67.6545805965864,-252.691471074836,-0.18101119513637037
E184,-144.06575286100647,78.7804955190767,-251.9686638202702,-0.34813458926780233
D195,-40.00327558072225,-177.12078836689128,-239.5725831540029,-0.2112090431099271
D196,-50.12997173714992,-171.2265894751593,-241.73814225977867,-0.04815417030916461
D197,-60.17664706071226,-165.0928551900169,-243.5598066323809,0.06933313338242898
D198,-70.1293255170593,-158.72276231029227,-245.02708782905688,0.15108263118909773
D199,-79.97370999366646,-152.11968031360686,-246.1313484086156,0.20524856979973985
D200,-90.20742222294056,-145.19825577086,-246.7330027193431,0.23823371870462035
D201,-100.29052134999968,-138.0382001110171,-246.92754179495256,0.2567223758785011
D202,-110.20587219620435,-130.64873096208908,-246.71117773491235,0.2650124828084277
D203,-119.93651861830686,-123.0419651028246,-246.0818671810572,0.26594620510899974
D204,-129.23710151822112,-115.70362188210916,-244.94021501344864,0.25771449089838766
D205,-138.33922804420388,-108.18633699021072,-243.4206941108485,0.24033178906926508
D206,-147.23124625075073,-100.5025563944523,-241.5285090788292,0.21012156339545382
D207,-155.90273370481785,-92.66486402874531,-239.27088466031591,0.16160236467898648
D208,-162.82659730547337,-84.4646880954913,-237.7460537601561,0.11669529943465674
D209,-169.55095495182155,-76.15698820475876,-235.9265648985384,0.05215280571990034
D210,-176.0709738790701,-67.752287991921,-233.81875192064015,-0.037335623629021715
E191,-182.3831440900548,-59.25975172831236,-231.42990285617648,-0.15811445258786805
E192,-182.3053210527568,-48.68915771075284,-233.8687568783292,-0.10034030952070934
E193,-182.00148438765015,-38.0609547630874,-236.0180748816317,-0.06254524523205242
E194,-181.4708601819683,-27.386927240674275,-237.87344118033425,-0.042186086074503935
E195,-180.71315578784385,-16.680241877104905,-239.43171546201668,-0.038069310954914816
E196,-178.32011376714237,-5.235392473024051,-241.71323928676287,-0.01768710547546323
E197,-175.65776996647196,6.217232612745292,-243.62995493850207,-0.016116071141813824
E198,-172.72976051650545,17.659695503523352,-245.1791201120884,-0.03336846046126573
E199,-169.54081285583354,29.07814386963912,-246.35971407587917,-0.07079838604556427
E200,-166.17301712658502,40.97339486077387,-247.04742522983693,-0.14067521838112107
E201,-162.53754733930657,52.8095556340268,-247.34200816719712,-0.24146227267048978
D217,-60.0113224187951,-175.28538394780313,-236.7102235370604,-0.19652881258643654
D218,-70.0451149363629,-169.00167690108535,-238.3493427472633,-0.0636630678825223
D219,-79.95300494945447,-162.50021222571326,-239.62900520595625,0.03189568310071289
D220,-90.25060797814731,-155.8273822617379,-240.3254031687508,0.09398968788249473
D221,-100.41661101775406,-148.77016709532433,-240.71249291792063,0.1357065703851039
D222,-110.44972424307744,-141.4634138340465,-240.69356532520865,0.15920936197668076
D223,-120.2823498158936,-133.95450872961692,-240.266026274786,0.16774830608138844
D224,-129.78410892075547,-126.20031216061122,-239.5227695525554,0.16395328807987172
D225,-138.99267276028016,-118.76111379610046,-238.18466554296185,0.1413917351387863
D226,-148.02017176081569,-111.13189149879253,-236.47076247917445,0.10230454034732507
D227,-156.81365076325753,-103.36196934984476,-234.3944134868973,0.0416644795076235
D228,-163.88261842722707,-95.33587245813771,-233.0217959278691,-0.0092540621227425
D229,-170.75297680100226,-87.09458241579507,-231.4001227307344,-0.079684664814062
D230,-177.44053915696182,-78.73317826508269,-229.48212997389692,-0.1763786234484965
D231,-183.9091955092757,-70.29353105916061,-227.2860122599786,-0.3038064440696858
E213,-189.9224774859541,-40.62152657293741,-229.60200557941263,-0.32877711192541115
E214,-189.4647260627317,-29.926943086663734,-231.5698067646032,-0.2943509265779661
E215,-188.78583703818185,-19.217118700496567,-233.2379152246694,-0.28140156396809
E216,-187.8178452324443,-8.560843823478741,-234.65606746873183,-0.2863692387962741
E217,-185.2954029205532,2.9055043523154493,-236.770413585316,-0.2709715402839977
E218,-182.50221323425697,14.399667877160192,-238.52533320331185,-0.2804493945215504
E219,-179.45387254614968,25.85125344437089,-239.91176269217183,-0.3151093629509761
D240,-79.82675911535253,-172.67936778007757,-232.80698402201085,-0.24869273276440407
D241,-90.18799061427912,-166.12043399221963,-233.66535882251975,-0.1488573520715786
D242,-100.40165056686958,-159.30364579551954,-234.15690994945453,-0.07916502029981835
D243,-110.5195263581476,-152.11639625084902,-234.32045518611648,-0.033359020168265634
D244,-120.45458646653812,-144.6825165412661,-234.10173811899563,-0.009645674262140637
D245,-130.06131810312075,-137.0434303943754,-233.55162575895355,-0.0054754487309756975
D246,-139.45888657724834,-129.18448309547298,-232.62596114392215,-0.02027152997208095
D247,-148.5948897795849,-121.64957993904802,-231.0845975455222,-0.0649755494378185
D248,-157.5109914782515,-113.92835149272686,-229.19677050038345,-0.13404080590661677
D249,-164.71178319562475,-105.98999990731468,-228.0099132214578,-0.18691015878300216
D250,-171.71502201115487,-97.91986332746872,-226.54654912244249,-0.2620628260707402
D265,-110.41999523623738,-162.55153359760985,-227.644442159508,-0.32857858697761144
D266,-120.45894494870647,-155.22268007062877,-227.60896993987447,-0.28324783634158834
D267,-130.17023309122388,-147.72924358385762,-227.22449223639487,-0.2646025936618662
D268,-139.69095493713743,-139.97072743987684,-226.49024814759272,-0.27125502439600113
D269,-148.95892811090854,-131.99744826841396,-225.41170909031905,-0.3035188144662635
